{
  "batch_size": 64,
  "beta1": 0.5,
  "cf_distance_weight": 1,
  "cf_gan_scale": 4,
  "cf_max_iters": 100,
  "cf_speed": 0.1,
  "dataset": "/mnt/nfs/data/cifar10-split0a.dataset",
  "comparison_dataset": "/mnt/nfs/data/cifar10-split0b.dataset",
  "hypothesis": "Example run on CIFAR10",
  "delete_background": false,
  "discriminator_weight": 0.01,
  "generator_weight": 0.01,
  "image_size": 32,
  "latent_size": 64,
  "random_horizontal_flip": false,
  "reconstruction_weight": 1.0,
  "weight_decay": 0.0
}
